{
  "model_name": "XGBoost",
  "task": "binary",
  "best_params": {
    "subsample": 0.9,
    "reg_lambda": 1,
    "reg_alpha": 0.1,
    "n_estimators": 300,
    "min_child_weight": 1,
    "max_depth": 15,
    "learning_rate": 0.1,
    "gamma": 0,
    "colsample_bytree": 0.7
  },
  "best_cv_score": 0.9971500592899094,
  "validation_metrics": {
    "accuracy": 0.9981772793913698,
    "precision": 0.9951860474292704,
    "recall": 0.9993660102230851,
    "f1": 0.9972716488730724,
    "false_positive_rate": 0.002417086024487855,
    "false_negative_rate": 0.0006339897769148473,
    "specificity": 0.9975829139755121
  },
  "train_time_seconds": 4205.118735,
  "train_samples": 706632,
  "n_features": 30,
  "early_stopping_used": true,
  "best_iteration": 207,
  "n_jobs": 4,
  "gpu_used": true,
  "version": {
    "version_id": "cv5_iter200_gpu",
    "model_type": "xgboost",
    "n_iter": 200,
    "cv": 5,
    "extra_params": {
      "gpu": true,
      "early_stopping": true
    },
    "created_at": "2026-01-22T15:19:56.221735"
  }
}