{
  "model_name": "lightgbm",
  "task": "binary",
  "timestamp": "20260118_233845",
  "test_samples": 151422,
  "metrics": {
    "accuracy": 0.9985405027010607,
    "precision": 0.9964043700732955,
    "recall": 0.999227324959385,
    "f1": 0.9978138508868247,
    "specificity": 0.9981970915718984,
    "false_positive_rate": 0.001802908428101597,
    "false_negative_rate": 0.0007726750406149701,
    "roc_auc": 0.9999874735276744,
    "average_precision": 0.9999748686355188
  },
  "errors": {
    "total_errors": 221,
    "error_rate": 0.001459497298939388,
    "false_positives": 182,
    "false_negatives": 39
  },
  "classification_report": {
    "0": {
      "precision": 0.9996131144288478,
      "recall": 0.9981970915718984,
      "f1-score": 0.9989046011707384,
      "support": 100948.0
    },
    "1": {
      "precision": 0.9964043700732955,
      "recall": 0.999227324959385,
      "f1-score": 0.9978138508868247,
      "support": 50474.0
    },
    "accuracy": 0.9985405027010607,
    "macro avg": {
      "precision": 0.9980087422510717,
      "recall": 0.9987122082656417,
      "f1-score": 0.9983592260287816,
      "support": 151422.0
    },
    "weighted avg": {
      "precision": 0.998543532976997,
      "recall": 0.9985405027010607,
      "f1-score": 0.9985410177427672,
      "support": 151422.0
    }
  }
}