{
  "model_name": "RandomForest",
  "task": "binary",
  "best_params": {
    "n_estimators": 100,
    "min_samples_split": 5,
    "min_samples_leaf": 4,
    "max_features": "sqrt",
    "max_depth": 20,
    "class_weight": "balanced"
  },
  "best_cv_score": 0.9955397511939252,
  "validation_metrics": {
    "accuracy": 0.9973847921702262,
    "precision": 0.993768487477815,
    "recall": 0.9984150255577129,
    "f1": 0.9960863377609108,
    "false_positive_rate": 0.003130324523517058,
    "false_negative_rate": 0.001584974442287118,
    "specificity": 0.996869675476483
  },
  "train_time_seconds": 20.647269,
  "train_samples": 706632,
  "n_features": 30,
  "n_iter": 1,
  "cv_folds": 2,
  "n_jobs": 10,
  "version": {
    "version_id": "cv2_iter1",
    "model_type": "random_forest",
    "n_iter": 1,
    "cv": 2,
    "extra_params": {},
    "created_at": "2026-01-21T20:32:05.781991"
  }
}