{
  "model_name": "LightGBM",
  "task": "binary",
  "best_params": {
    "subsample": 0.7,
    "reg_lambda": 0.1,
    "reg_alpha": 0.1,
    "num_leaves": 50,
    "n_estimators": 300,
    "min_child_samples": 20,
    "max_depth": -1,
    "learning_rate": 0.1,
    "colsample_bytree": 0.9
  },
  "best_cv_score": 0.9975709702443979,
  "validation_metrics": {
    "accuracy": 0.9986395636037035,
    "precision": 0.9966015964593377,
    "recall": 0.9993263858620279,
    "f1": 0.9979621312545753,
    "false_positive_rate": 0.001703847525458652,
    "false_negative_rate": 0.0006736141379720252,
    "specificity": 0.9982961524745414
  },
  "train_time_seconds": 12364.292706,
  "train_samples": 706632,
  "n_features": 30,
  "early_stopping_used": true,
  "best_iteration": 332,
  "n_jobs": 4,
  "version": {
    "version_id": "cv5_iter250",
    "model_type": "lightgbm",
    "n_iter": 250,
    "cv": 5,
    "extra_params": {
      "early_stopping": true
    },
    "created_at": "2026-01-22T00:57:44.818694"
  }
}