{
  "total_samples": 151422,
  "n_runs": 5,
  "mean_ms": 116.23970939981518,
  "std_ms": 1.8523246730004361,
  "min_ms": 115.18726800022705,
  "max_ms": 119.93884099956631,
  "per_sample_ms": 0.0007676540357399531,
  "throughput_samples_per_sec": 1302670.152754535
}