{
  "total_samples": 151422,
  "n_runs": 5,
  "mean_ms": 114.4008875999134,
  "std_ms": 4.499577046901413,
  "min_ms": 108.9505800000552,
  "max_ms": 122.54267499974958,
  "per_sample_ms": 0.0007555103459201001,
  "throughput_samples_per_sec": 1323608.611583138
}