{
  "total_samples": 151422,
  "n_runs": 5,
  "mean_ms": 107.75319939998553,
  "std_ms": 5.383897625276575,
  "min_ms": 103.4128100000089,
  "max_ms": 117.87724399982835,
  "per_sample_ms": 0.0007116086130151862,
  "throughput_samples_per_sec": 1405266.8583687579
}