{
  "best_model": "xgboost",
  "task": "binary",
  "timestamp": "2026-01-20T14:47:44.507668",
  "selection_method": "scorecard",
  "constraints": {
    "fpr_threshold": 0.02,
    "latency_threshold_ms": 1.0,
    "fpr_pass": true,
    "latency_pass": true,
    "all_pass": true
  },
  "metrics": {
    "accuracy": 0.9982235078126032,
    "precision": 0.9952257886326422,
    "recall": 0.9994650711257281,
    "f1": 0.9973409250417643,
    "specificity": 0.9976027261560407,
    "false_positive_rate": 0.0023972738439592663,
    "false_negative_rate": 0.0005349288742719023,
    "roc_auc": 0.9999853934528304,
    "average_precision": 0.9999705560048818
  },
  "latency": {
    "latency_total_ms": 1.5290312501292647,
    "latency_per_sample_ms": 0.0015290312501292647,
    "latency_std_ms": 0.4489281890186888,
    "samples_per_second": 654008.8699400092
  },
  "score": 0.9986290068253674
}