{
  "best_model": "lightgbm/cv2_iter1",
  "model_type": "lightgbm",
  "version_id": "cv2_iter1",
  "task": "binary",
  "selected_at": "2026-01-21T20:35:08.120152",
  "constraints": {
    "fpr_threshold": 0.02,
    "latency_threshold_ms": 2.0,
    "fpr_pass": true,
    "latency_pass": "True",
    "all_pass": "True"
  },
  "metrics": {
    "accuracy": 0.9986131473629988,
    "precision": 0.9965032201983484,
    "recall": 0.9993461980425565,
    "f1": 0.9979226842875796,
    "false_positive_rate": 0.0017533779767801244,
    "false_negative_rate": 0.0006538019574434362,
    "specificity": 0.9982466220232199
  },
  "latency": {
    "latency_total_ms": 2.566367875033393,
    "latency_per_sample_ms": 0.002566367875033393,
    "latency_std_ms": 0.12377186512584586,
    "samples_per_second": 389655.750342101
  },
  "score": 0.9987932675200487
}