{
  "model_name": "xgboost",
  "task": "binary",
  "timestamp": "20260118_233842",
  "test_samples": 151422,
  "metrics": {
    "accuracy": 0.9982235078126032,
    "precision": 0.9952257886326422,
    "recall": 0.9994650711257281,
    "f1": 0.9973409250417643,
    "specificity": 0.9976027261560407,
    "false_positive_rate": 0.0023972738439592663,
    "false_negative_rate": 0.0005349288742719023,
    "roc_auc": 0.9999853934528304,
    "average_precision": 0.9999705560048818
  },
  "errors": {
    "total_errors": 269,
    "error_rate": 0.0017764921873968116,
    "false_positives": 242,
    "false_negatives": 27
  },
  "classification_report": {
    "0": {
      "precision": 0.9997319646987581,
      "recall": 0.9976027261560407,
      "f1-score": 0.9986662105007412,
      "support": 100948.0
    },
    "1": {
      "precision": 0.9952257886326422,
      "recall": 0.9994650711257281,
      "f1-score": 0.9973409250417643,
      "support": 50474.0
    },
    "accuracy": 0.9982235078126032,
    "macro avg": {
      "precision": 0.9974788766657001,
      "recall": 0.9985338986408845,
      "f1-score": 0.9980035677712528,
      "support": 151422.0
    },
    "weighted avg": {
      "precision": 0.9982299060100529,
      "recall": 0.9982235078126032,
      "f1-score": 0.9982244486810824,
      "support": 151422.0
    }
  }
}