{
  "model_name": "random_forest",
  "task": "binary",
  "timestamp": "20260120_144735",
  "test_samples": 151422,
  "metrics": {
    "accuracy": 0.9989961828532181,
    "precision": 0.9981192587899905,
    "recall": 0.9988707057098705,
    "f1": 0.9984948408690314,
    "specificity": 0.999058921424892,
    "false_positive_rate": 0.0009410785751079764,
    "false_negative_rate": 0.0011292942901295717,
    "roc_auc": 0.9999603246110181,
    "average_precision": 0.9999146920152439
  },
  "errors": {
    "total_errors": 152,
    "error_rate": 0.0010038171467818414,
    "false_positives": 95,
    "false_negatives": 57
  },
  "classification_report": {
    "0": {
      "precision": 0.999435140223962,
      "recall": 0.999058921424892,
      "f1-score": 0.9992469954126167,
      "support": 100948.0
    },
    "1": {
      "precision": 0.9981192587899905,
      "recall": 0.9988707057098705,
      "f1-score": 0.9984948408690314,
      "support": 50474.0
    },
    "accuracy": 0.9989961828532181,
    "macro avg": {
      "precision": 0.9987771995069763,
      "recall": 0.9989648135673812,
      "f1-score": 0.9988709181408241,
      "support": 151422.0
    },
    "weighted avg": {
      "precision": 0.9989965130793047,
      "recall": 0.9989961828532181,
      "f1-score": 0.9989962772314216,
      "support": 151422.0
    }
  }
}