{
  "model_name": "LightGBM",
  "task": "binary",
  "best_params": {
    "subsample": 1.0,
    "reg_lambda": 0,
    "reg_alpha": 0.1,
    "num_leaves": 70,
    "n_estimators": 200,
    "min_child_samples": 10,
    "max_depth": -1,
    "learning_rate": 0.05,
    "colsample_bytree": 0.7
  },
  "best_cv_score": 0.9975032225715152,
  "validation_metrics": {
    "accuracy": 0.9986131473629988,
    "precision": 0.9965032201983484,
    "recall": 0.9993461980425565,
    "f1": 0.9979226842875796,
    "false_positive_rate": 0.0017533779767801244,
    "false_negative_rate": 0.0006538019574434362,
    "specificity": 0.9982466220232199
  },
  "train_time_seconds": 10.041324,
  "train_samples": 706632,
  "n_features": 30,
  "early_stopping_used": true,
  "best_iteration": 436,
  "n_jobs": 10,
  "version": {
    "version_id": "cv2_iter1",
    "model_type": "lightgbm",
    "n_iter": 1,
    "cv": 2,
    "extra_params": {
      "early_stopping": true
    },
    "created_at": "2026-01-21T20:32:56.795897"
  }
}