{
  "model_name": "XGBoost",
  "task": "binary",
  "best_params": {
    "subsample": 0.7,
    "reg_lambda": 1,
    "reg_alpha": 0.01,
    "n_estimators": 200,
    "min_child_weight": 3,
    "max_depth": 15,
    "learning_rate": 0.1,
    "gamma": 0,
    "colsample_bytree": 0.7
  },
  "best_cv_score": 0.9971586111198452,
  "validation_metrics": {
    "accuracy": 0.9981376550303126,
    "precision": 0.9951463972851393,
    "recall": 0.9992867615009708,
    "f1": 0.997212281777022,
    "false_positive_rate": 0.002436898205016444,
    "false_negative_rate": 0.0007132384990292032,
    "specificity": 0.9975631017949835
  },
  "train_time_seconds": 9135.978243,
  "train_samples": 706632,
  "n_features": 30,
  "early_stopping_used": true,
  "best_iteration": 274,
  "n_jobs": 4,
  "gpu_used": true,
  "version": {
    "version_id": "cv5_iter400_gpu",
    "model_type": "xgboost",
    "n_iter": 400,
    "cv": 5,
    "extra_params": {
      "gpu": true,
      "early_stopping": true
    },
    "created_at": "2026-01-23T01:14:23.112760"
  }
}