{
  "Bwd Packet Length Std": 0.10642107991951147,
  "Bwd Packet Length Max": 0.07212688547984566,
  "Avg Bwd Segment Size": 0.07018341408526788,
  "Packet Length Variance": 0.06124507334923963,
  "Bwd Packet Length Mean": 0.05997971808131726,
  "Packet Length Std": 0.05417084326517223,
  "Subflow Bwd Bytes": 0.042020491704790525,
  "Total Fwd Packets": 0.03460557739232579,
  "Average Packet Size": 0.03377175808799482,
  "Packet Length Mean": 0.03266096446942786,
  "Max Packet Length": 0.025326635931524843,
  "Subflow Fwd Packets": 0.024339790879955362,
  "Fwd Header Length.1": 0.02106167516209736,
  "Total Length of Bwd Packets": 0.02082861588005211,
  "Total Backward Packets": 0.018856232650797854,
  "Fwd Packet Length Max": 0.017229585325902793,
  "Bwd Packets/s": 0.017108858670420845,
  "Subflow Bwd Packets": 0.015629428427037392,
  "Subflow Fwd Bytes": 0.015011623995140434,
  "Fwd Header Length": 0.014901235080435116,
  "Init_Win_bytes_forward": 0.014048009475894033,
  "Bwd Packet Length Min": 0.014007011437479434,
  "Bwd Header Length": 0.013620585205660523,
  "Init_Win_bytes_backward": 0.013554941871771985,
  "Avg Fwd Segment Size": 0.013316284256468526,
  "Total Length of Fwd Packets": 0.011068473817254171,
  "Fwd IAT Mean": 0.01057291201659003,
  "Fwd IAT Std": 0.010182974926126067,
  "Fwd Packet Length Mean": 0.009865345140020639,
  "Fwd IAT Max": 0.009864375051719502,
  "Fwd IAT Min": 0.009697599513990294,
  "Fwd Packet Length Min": 0.009260572561125778,
  "Flow IAT Std": 0.009155951913372573,
  "Idle Max": 0.008891990320234211,
  "act_data_pkt_fwd": 0.006478951901926349,
  "Fwd Packet Length Std": 0.006136581046762545,
  "Fwd IAT Total": 0.0058285602396937405,
  "Min Packet Length": 0.005785451355363907,
  "Flow IAT Max": 0.005723988221097677,
  "Flow IAT Mean": 0.0050387747971233155,
  "Flow Packets/s": 0.004377991808669008,
  "Flow Bytes/s": 0.003827285290858928,
  "FIN Flag Count": 0.003656904857158416,
  "Flow IAT Min": 0.0034334617312654888,
  "Flow Duration": 0.003379838592566544,
  "min_seg_size_forward": 0.002861394338089472,
  "Fwd Packets/s": 0.002465803524522418,
  "Bwd IAT Max": 0.0024431714987837635,
  "Active Min": 0.0024073475833979834,
  "Idle Min": 0.002307709313467939,
  "ACK Flag Count": 0.002164313623616054,
  "Bwd IAT Mean": 0.002152300487325414,
  "URG Flag Count": 0.0020598332890382764,
  "PSH Flag Count": 0.0018470853095335787,
  "Idle Mean": 0.0017149322316118204,
  "Bwd IAT Min": 0.001612200999132727,
  "Active Max": 0.0015272990079522933,
  "Bwd IAT Std": 0.0014839143464652823,
  "Bwd IAT Total": 0.0012897620748350156,
  "Active Mean": 0.0010101850035162687,
  "Active Std": 0.0007721917425635278,
  "SYN Flag Count": 0.0006597038339871988,
  "Down/Up Ratio": 0.0003681012875817549,
  "Idle Std": 0.00031033898997910174,
  "Fwd PSH Flags": 0.00028658855185097876,
  "RST Flag Count": 8.08344536447549e-07,
  "CWE Flag Count": 5.083655760483755e-07,
  "Fwd URG Flags": 1.5921317038783219e-07,
  "ECE Flag Count": 4.185101535655573e-08,
  "Bwd Avg Bulk Rate": 0.0,
  "Bwd Avg Bytes/Bulk": 0.0,
  "Bwd Avg Packets/Bulk": 0.0,
  "Bwd PSH Flags": 0.0,
  "Bwd URG Flags": 0.0,
  "Fwd Avg Bulk Rate": 0.0,
  "Fwd Avg Bytes/Bulk": 0.0,
  "Fwd Avg Packets/Bulk": 0.0
}