{
  "Bwd Packet Length Std": 0.10770402428151943,
  "Bwd Packet Length Max": 0.0758870996038864,
  "Packet Length Variance": 0.06127281781389293,
  "Avg Bwd Segment Size": 0.058022004048934914,
  "Bwd Packet Length Mean": 0.05725178968853318,
  "Packet Length Std": 0.04702784835926052,
  "Subflow Bwd Bytes": 0.045359211979652876,
  "Packet Length Mean": 0.03518333846481473,
  "Average Packet Size": 0.03488859168214626,
  "Total Fwd Packets": 0.027393312221181382,
  "Total Length of Bwd Packets": 0.025319163651213786,
  "Max Packet Length": 0.024971802952904007,
  "Bwd Packets/s": 0.022107478252057024,
  "Fwd IAT Mean": 0.019955162284452925,
  "Fwd Packet Length Max": 0.019588527248227253,
  "Subflow Fwd Packets": 0.019224420857881903,
  "Fwd Header Length.1": 0.018976106233463123,
  "Subflow Bwd Packets": 0.01771724044548866,
  "Fwd Header Length": 0.017249804188076544,
  "Total Backward Packets": 0.016414732837028656,
  "Fwd Packet Length Mean": 0.015542802517114165,
  "Fwd IAT Std": 0.014704410622877086,
  "Fwd IAT Max": 0.014612402959691084,
  "Avg Fwd Segment Size": 0.014467384345774178,
  "Bwd Header Length": 0.012729076847886532,
  "Bwd Packet Length Min": 0.012591997785349121,
  "Init_Win_bytes_backward": 0.012274783656801373,
  "Subflow Fwd Bytes": 0.012107510618455507,
  "Total Length of Fwd Packets": 0.011837151026025998,
  "Init_Win_bytes_forward": 0.010585534862245668,
  "Flow IAT Std": 0.008725591974220966,
  "Fwd IAT Total": 0.00782690043026213,
  "Fwd IAT Min": 0.0076345697346147075,
  "Idle Max": 0.007089364003356917,
  "Flow Bytes/s": 0.006442752184321611,
  "Fwd Packet Length Min": 0.005935855190719444,
  "Flow IAT Max": 0.005751463883804428,
  "Fwd Packet Length Std": 0.0055297643888842386,
  "Flow Packets/s": 0.005289017573481482,
  "Min Packet Length": 0.00498832905895271,
  "act_data_pkt_fwd": 0.004620054216416081,
  "Flow IAT Min": 0.004067451649525366,
  "Flow IAT Mean": 0.0038425447558579594,
  "Flow Duration": 0.003630082283808436,
  "Fwd Packets/s": 0.0028101215862208614,
  "FIN Flag Count": 0.002764120247805721,
  "min_seg_size_forward": 0.002616755243524047,
  "ACK Flag Count": 0.0026118178208022944,
  "Bwd IAT Min": 0.0024190436642492503,
  "Bwd IAT Mean": 0.0022751181555617913,
  "Idle Min": 0.0021806610684212253,
  "Bwd IAT Std": 0.002143765508038549,
  "Bwd IAT Total": 0.0020943929950484894,
  "Bwd IAT Max": 0.0019483079874149465,
  "URG Flag Count": 0.0018752875730771023,
  "Active Mean": 0.0018577741175066925,
  "Active Max": 0.001460435863086338,
  "PSH Flag Count": 0.0014458212504627297,
  "Idle Mean": 0.0011896053114888905,
  "Active Std": 0.0011528581837065917,
  "Active Min": 0.0010659060880317882,
  "Fwd PSH Flags": 0.0005871004278884787,
  "SYN Flag Count": 0.0004190021261781312,
  "Idle Std": 0.0004026297725550389,
  "Down/Up Ratio": 0.0003366796016247257,
  "CWE Flag Count": 8.836204056436211e-07,
  "Fwd URG Flags": 4.2498673922528273e-07,
  "ECE Flag Count": 2.1313509788209134e-07,
  "Bwd Avg Bulk Rate": 0.0,
  "Bwd Avg Bytes/Bulk": 0.0,
  "Bwd Avg Packets/Bulk": 0.0,
  "Bwd PSH Flags": 0.0,
  "Bwd URG Flags": 0.0,
  "Fwd Avg Bulk Rate": 0.0,
  "Fwd Avg Bytes/Bulk": 0.0,
  "Fwd Avg Packets/Bulk": 0.0,
  "RST Flag Count": 0.0
}