{
  "Bwd Packet Length Std": 0.16164432597028888,
  "Bwd Packet Length Max": 0.11057035033967207,
  "Packet Length Variance": 0.08934730155985506,
  "Avg Bwd Segment Size": 0.07406123545960523,
  "Packet Length Std": 0.06989645099908745,
  "Bwd Packets/s": 0.03452515497617235,
  "Total Length of Bwd Packets": 0.0334342678042852,
  "Total Backward Packets": 0.02426598642390162,
  "Bwd Packet Length Min": 0.02224884600818402,
  "Fwd IAT Mean": 0.022135422548983315,
  "Average Packet Size": 0.02120127008016029,
  "Subflow Bwd Packets": 0.019767223986910536,
  "Total Fwd Packets": 0.01872073085294531,
  "Fwd Packet Length Min": 0.01653468641673527,
  "Subflow Fwd Packets": 0.01633787534651707,
  "Bwd Packet Length Mean": 0.016262160434016286,
  "Init_Win_bytes_backward": 0.014546911852170918,
  "Fwd Header Length": 0.014385296372272413,
  "Bwd Header Length": 0.01413549406983319,
  "Fwd Packet Length Mean": 0.013795548770616537,
  "Subflow Fwd Bytes": 0.013445063822895263,
  "Subflow Bwd Bytes": 0.012565887352700953,
  "Avg Fwd Segment Size": 0.012090570073450286,
  "Fwd IAT Min": 0.011624995688193718,
  "Flow IAT Std": 0.011260442225102271,
  "Total Length of Fwd Packets": 0.01044642913199057,
  "Fwd Header Length.1": 0.010404924687446884,
  "Fwd IAT Std": 0.01027931051573237,
  "Init_Win_bytes_forward": 0.009223089926506247,
  "Fwd IAT Max": 0.005895896931036954,
  "Fwd Packet Length Max": 0.005451850099138465,
  "Fwd IAT Total": 0.005381068720238645,
  "Packet Length Mean": 0.005275830921922614,
  "Max Packet Length": 0.005210409776813743,
  "Flow IAT Mean": 0.004659760802359431,
  "act_data_pkt_fwd": 0.004142543597413525,
  "Flow IAT Max": 0.0038759579221187,
  "Min Packet Length": 0.003860305682441658,
  "Flow Packets/s": 0.0035390361658705558,
  "Flow Duration": 0.0035069774437955442,
  "URG Flag Count": 0.0031971797732655597,
  "ACK Flag Count": 0.0030916280606574855,
  "Flow Bytes/s": 0.0028086212044428874,
  "Flow IAT Min": 0.002793000915976696,
  "min_seg_size_forward": 0.002629973972282777,
  "FIN Flag Count": 0.0025998704417271945,
  "Fwd Packet Length Std": 0.0023600321470224296,
  "Idle Min": 0.0021428948771256067,
  "Bwd IAT Min": 0.0021120985275674977,
  "Active Min": 0.0019720604216820425,
  "Active Max": 0.0018850009459397722,
  "Idle Mean": 0.001870558748106271,
  "Fwd Packets/s": 0.0018193278840744208,
  "Bwd IAT Std": 0.001746938035436638,
  "PSH Flag Count": 0.001532432979433809,
  "Active Mean": 0.0012149301164911448,
  "Bwd IAT Mean": 0.001119759412231903,
  "Bwd IAT Max": 0.0007673993426744103,
  "Idle Max": 0.0007472552841927381,
  "SYN Flag Count": 0.0007395651139895052,
  "Bwd IAT Total": 0.0003914151992382775,
  "Fwd PSH Flags": 0.0002205984524901384,
  "Down/Up Ratio": 0.00011864778887443544,
  "Idle Std": 9.192138732493074e-05,
  "Active Std": 6.964526102054349e-05,
  "ECE Flag Count": 2.0925507678277866e-07,
  "Fwd URG Flags": 1.4269227263451238e-07,
  "Bwd Avg Bulk Rate": 0.0,
  "Bwd Avg Bytes/Bulk": 0.0,
  "Bwd Avg Packets/Bulk": 0.0,
  "Bwd PSH Flags": 0.0,
  "Bwd URG Flags": 0.0,
  "CWE Flag Count": 0.0,
  "Fwd Avg Bulk Rate": 0.0,
  "Fwd Avg Bytes/Bulk": 0.0,
  "Fwd Avg Packets/Bulk": 0.0,
  "RST Flag Count": 0.0
}