{
  "Avg Bwd Segment Size": 0.13061154062657154,
  "Packet Length Variance": 0.12134822420456348,
  "Average Packet Size": 0.10078987069870689,
  "Subflow Bwd Bytes": 0.0922877859996215,
  "Fwd Header Length": 0.06201828904828377,
  "Bwd Packets/s": 0.047143834613662276,
  "Fwd IAT Mean": 0.03745753970548584,
  "Fwd IAT Std": 0.03383290371079888,
  "Bwd Packet Length Min": 0.03048963177292084,
  "Init_Win_bytes_backward": 0.02747611646688003,
  "Subflow Fwd Bytes": 0.026230853798503786,
  "Bwd Header Length": 0.026152147368374148,
  "Init_Win_bytes_forward": 0.024923472655347206,
  "Fwd Packet Length Max": 0.022723151653395387,
  "Flow IAT Mean": 0.019817694894714945,
  "Flow IAT Max": 0.018871518630933424,
  "Flow Packets/s": 0.018093941535536145,
  "Min Packet Length": 0.018089757745216983,
  "Flow Duration": 0.015053526644632817,
  "Fwd Packet Length Min": 0.014757448057993698,
  "Avg Fwd Segment Size": 0.014006844998002674,
  "act_data_pkt_fwd": 0.012692960927396274,
  "Fwd IAT Min": 0.012498567751627098,
  "Flow Bytes/s": 0.010193455295945583,
  "Bwd IAT Max": 0.005807076267607859,
  "Flow IAT Min": 0.005543461113031812,
  "Bwd IAT Std": 0.005270437138765041,
  "Bwd IAT Total": 0.004693892622374034,
  "Active Min": 0.004599972899192623,
  "min_seg_size_forward": 0.004323994962089103,
  "Active Max": 0.003934773973694604,
  "Bwd IAT Mean": 0.0037551167234978395,
  "PSH Flag Count": 0.003709589946008342,
  "Down/Up Ratio": 0.0034410812737630963,
  "URG Flag Count": 0.0034172911234887408,
  "Bwd IAT Min": 0.003201164718659443,
  "FIN Flag Count": 0.0029975195452732837,
  "Active Mean": 0.002922156114325039,
  "ACK Flag Count": 0.0020571288661507853,
  "Active Std": 0.0015250996933115417,
  "Fwd PSH Flags": 0.0008732522517876819,
  "Idle Std": 0.0003641683595940027,
  "ECE Flag Count": 1.18917033260849e-06,
  "CWE Flag Count": 5.544319374329397e-07
}