{
  "Bwd Packet Length Max": 0.13397690920191346,
  "Packet Length Variance": 0.09705739556292863,
  "Packet Length Mean": 0.07938048420353043,
  "Fwd IAT Mean": 0.05704047175246612,
  "Total Fwd Packets": 0.05478587682864561,
  "Bwd Packet Length Min": 0.050285289304999266,
  "Init_Win_bytes_backward": 0.04953878539638126,
  "Bwd Packets/s": 0.04588585058473498,
  "Fwd Header Length": 0.04086611658111445,
  "Fwd Packet Length Max": 0.03508350891430341,
  "Init_Win_bytes_forward": 0.028480779716126062,
  "Min Packet Length": 0.027735253563396612,
  "Fwd IAT Std": 0.027236447199088416,
  "Total Length of Fwd Packets": 0.026595179578081087,
  "Flow Packets/s": 0.02485695119598326,
  "Fwd Packet Length Min": 0.024688537300284957,
  "Flow IAT Mean": 0.022581087312667534,
  "Fwd Packet Length Mean": 0.021909479048308592,
  "Flow IAT Std": 0.021650201307845153,
  "Bwd Header Length": 0.015534059591061921,
  "Flow Duration": 0.01204455195989215,
  "Flow Bytes/s": 0.01039700111426353,
  "Fwd IAT Min": 0.010060509359206453,
  "Bwd IAT Max": 0.00921019109547474,
  "act_data_pkt_fwd": 0.008250837302008499,
  "Active Max": 0.007725874683987764,
  "Active Mean": 0.006543251351595517,
  "Active Min": 0.005938851224958352,
  "Bwd IAT Mean": 0.005558947341359141,
  "Bwd IAT Std": 0.005460822226876027,
  "min_seg_size_forward": 0.004920749566505257,
  "Flow IAT Min": 0.003896158615743077,
  "Bwd IAT Min": 0.003861722011216229,
  "ACK Flag Count": 0.0035735295834649237,
  "Bwd IAT Total": 0.0034161783662189477,
  "FIN Flag Count": 0.0033318389354686172,
  "Active Std": 0.003191009611182792,
  "URG Flag Count": 0.003085012938799609,
  "Down/Up Ratio": 0.0016753361624315922,
  "PSH Flag Count": 0.0013386606757500954,
  "Fwd PSH Flags": 0.0010139932906766188,
  "Idle Std": 0.00033630843905886344,
  "Fwd URG Flags": 0.0,
  "RST Flag Count": 0.0
}