{
  "Packet Length Variance": 0.13264021181672606,
  "Avg Bwd Segment Size": 0.12182041960631611,
  "Average Packet Size": 0.0971059877415787,
  "Subflow Bwd Bytes": 0.09254764114081654,
  "Fwd Header Length": 0.058011861934478694,
  "Bwd Packets/s": 0.046134677691889135,
  "Fwd IAT Mean": 0.03858638249642101,
  "Fwd IAT Std": 0.034111073440440474,
  "Fwd Packet Length Max": 0.03078655072192702,
  "Bwd Packet Length Min": 0.02899070700426336,
  "Subflow Fwd Bytes": 0.02692003611748465,
  "Init_Win_bytes_backward": 0.0251836792897307,
  "Init_Win_bytes_forward": 0.02367475842716894,
  "Flow IAT Max": 0.022221642303897938,
  "Bwd Header Length": 0.021179470228720937,
  "Flow Packets/s": 0.020609643004852962,
  "Flow IAT Mean": 0.019276856142084242,
  "Min Packet Length": 0.017911586486827922,
  "Avg Fwd Segment Size": 0.017631795277332125,
  "Flow Duration": 0.01540412097130296,
  "Fwd Packet Length Min": 0.01482076015145772,
  "Fwd IAT Min": 0.01219495555785498,
  "act_data_pkt_fwd": 0.011377700118614668,
  "Flow Bytes/s": 0.00809700358468131,
  "Bwd IAT Max": 0.005982587654935228,
  "Flow IAT Min": 0.005773279430058111,
  "Bwd IAT Std": 0.005420869478343532,
  "Active Mean": 0.005367551142781592,
  "min_seg_size_forward": 0.0050110441844649955,
  "Active Max": 0.0048650972683441105,
  "Bwd IAT Total": 0.0041702415359936755,
  "Active Min": 0.004006767113463848,
  "Bwd IAT Mean": 0.003630512758614496,
  "Down/Up Ratio": 0.003617379874482965,
  "Bwd IAT Min": 0.0027572151691582078,
  "FIN Flag Count": 0.0026598967728549195,
  "URG Flag Count": 0.002617009338202425,
  "ACK Flag Count": 0.0020839734714081662,
  "PSH Flag Count": 0.0020013133576061975,
  "Active Std": 0.001447323592085913,
  "Idle Std": 0.000679353266362725,
  "Fwd PSH Flags": 0.0006690633339695297,
  "CWE Flag Count": 0.0,
  "ECE Flag Count": 0.0
}