{
  "Bwd Packet Length Std": 0.545846164226532,
  "Average Packet Size": 0.12782393395900726,
  "Subflow Fwd Packets": 0.12254437804222107,
  "Fwd Packet Length Min": 0.031191105023026466,
  "min_seg_size_forward": 0.027043119072914124,
  "Fwd IAT Mean": 0.022908879444003105,
  "Flow IAT Std": 0.01565881073474884,
  "PSH Flag Count": 0.011518041603267193,
  "Subflow Bwd Bytes": 0.01098624337464571,
  "Bwd Header Length": 0.010635439306497574,
  "Max Packet Length": 0.008860081434249878,
  "Subflow Fwd Bytes": 0.00872084405273199,
  "Avg Bwd Segment Size": 0.0077563803642988205,
  "Fwd Packet Length Max": 0.0062096090987324715,
  "Fwd IAT Min": 0.005351914558559656,
  "URG Flag Count": 0.0031822947785258293,
  "Init_Win_bytes_backward": 0.002635131124407053,
  "Fwd IAT Total": 0.002233148319646716,
  "Init_Win_bytes_forward": 0.002227852353826165,
  "Idle Max": 0.002082038437947631,
  "Fwd IAT Max": 0.0017051596660166979,
  "Fwd PSH Flags": 0.001630662358365953,
  "Bwd Packets/s": 0.0015618707984685898,
  "Fwd Header Length": 0.0014045885764062405,
  "Flow Bytes/s": 0.001344113377854228,
  "act_data_pkt_fwd": 0.0013239628169685602,
  "ACK Flag Count": 0.0013064149534329772,
  "Avg Fwd Segment Size": 0.001263055601157248,
  "Bwd Packet Length Max": 0.0011104436125606298,
  "Bwd IAT Mean": 0.001065830118022859,
  "Flow IAT Min": 0.001036487752571702,
  "Active Max": 0.0009186927345581353,
  "Flow IAT Mean": 0.0009108640952035785,
  "Bwd Packet Length Min": 0.0007985301781445742,
  "Subflow Bwd Packets": 0.0007220943225547671,
  "FIN Flag Count": 0.0006406105239875615,
  "Active Std": 0.0005880577373318374,
  "Flow IAT Max": 0.0005693810526281595,
  "Packet Length Mean": 0.000504121882840991,
  "Bwd IAT Std": 0.00043679107329808176,
  "Bwd IAT Total": 0.0004087197012268007,
  "Fwd Packets/s": 0.0003749366442207247,
  "Fwd IAT Std": 0.0003331100451759994,
  "Flow Packets/s": 0.00032071315217763186,
  "Fwd Packet Length Std": 0.00031564829987473786,
  "Bwd IAT Max": 0.00031256661168299615,
  "Bwd IAT Min": 0.00027017350657843053,
  "Idle Min": 0.00025534367887303233,
  "Down/Up Ratio": 0.00025396852288395166,
  "Flow Duration": 0.00022813284886069596,
  "Packet Length Std": 0.00018764611741062254,
  "Min Packet Length": 0.00017386939725838602,
  "Active Min": 0.00016932349535636604,
  "Idle Std": 5.059414979768917e-05,
  "Idle Mean": 4.7164448915282264e-05,
  "Active Mean": 3.730968091986142e-05,
  "Packet Length Variance": 3.7006423099228414e-06,
  "Bwd Avg Bulk Rate": 0.0,
  "Bwd Avg Bytes/Bulk": 0.0,
  "Bwd Avg Packets/Bulk": 0.0,
  "Bwd PSH Flags": 0.0,
  "Bwd Packet Length Mean": 0.0,
  "Bwd URG Flags": 0.0,
  "CWE Flag Count": 0.0,
  "ECE Flag Count": 0.0,
  "Fwd Avg Bulk Rate": 0.0,
  "Fwd Avg Bytes/Bulk": 0.0,
  "Fwd Avg Packets/Bulk": 0.0,
  "Fwd Header Length.1": 0.0,
  "Fwd Packet Length Mean": 0.0,
  "Fwd URG Flags": 0.0,
  "RST Flag Count": 0.0,
  "SYN Flag Count": 0.0,
  "Total Backward Packets": 0.0,
  "Total Fwd Packets": 0.0,
  "Total Length of Bwd Packets": 0.0,
  "Total Length of Fwd Packets": 0.0
}